,code,wt,pos,mut,ou
0,1AJ3,A,974,G,-974
0,1AJ3,A,974,V,-974
0,1AJ3,A,1018,G,-1018
0,1AJ3,A,1019,E,-1019
0,1AJ3,A,1019,G,-1019
0,1AJ3,A,1019,K,-1019
0,1AJ3,A,1882,G,-1784
0,1AJ3,A,1889,G,-1791
0,1AJ3,A,1919,G,-1821
0,1AJ3,A,1936,G,-1838
0,1AJ3,A,1954,G,-1856
0,1AJ3,A,1975,G,-1877
0,1AJ3,D,992,A,-992
0,1AJ3,D,1011,G,-1011
0,1AJ3,F,1015,A,-1015
0,1AJ3,F,1015,Y,-1015
0,1AJ3,F,1880,L,-1782
0,1AJ3,F,1920,L,-1822
0,1AJ3,G,1961,A,-1863
0,1AJ3,H,1927,A,-1829
0,1AJ3,I,1891,A,-1793
0,1AJ3,I,1891,V,-1793
0,1AJ3,K,981,F,-981
0,1AJ3,K,981,Y,-981
0,1AJ3,K,1006,A,-1006
0,1AJ3,K,1022,F,-1022
0,1AJ3,K,1022,Y,-1022
0,1AJ3,K,1915,A,-1817
0,1AJ3,K,1915,G,-1817
0,1AJ3,L,1959,A,-1861
0,1AJ3,L,1966,A,-1868
0,1AJ3,L,1977,A,-1879
0,1AJ3,M,988,A,-988
0,1AJ3,M,1956,A,-1858
0,1AJ3,N,1010,A,-1010
0,1AJ3,N,1010,G,-1010
0,1AJ3,S,1964,A,-1866
0,1AJ3,S,1964,G,-1866
0,1AJ3,T,987,A,-987
0,1AJ3,V,986,A,-986
0,1AJ3,V,1007,A,-1007
0,1AJ3,V,1009,A,-1009
0,1AJ3,V,1016,A,-1016
0,1AJ3,V,1021,A,-1021
0,1AJ3,V,1926,A,-1828
0,1AJ3,V,1926,G,-1828
0,1AJ3,V,1934,A,-1836
0,1AJ3,Y,976,F,-976
0,1AJ3,Y,1020,F,-1020
0,1DPM,H,257,L,0
0,1E21,K,34,A,-33
0,1E21,R,32,A,-31
0,1HYN,E,40,K,-40
0,1PGA,T,349,F,-293
0,1PGA,T,349,I,-293
0,1PGA,T,349,V,-293
0,1PGA,T,349,Y,-293
0,1PIN,S,38,A,-6
0,1PIN,S,38,G,-6
0,1QLP,A,31,I,-31
0,1QLP,A,31,L,-31
0,1QLP,A,31,P,-31
0,1QLP,A,31,V,-31
0,1STN,A,227,G,-91
0,1STN,A,227,V,-91
0,1STN,D,225,A,-89
0,1STN,D,225,F,-89
0,1STN,D,225,G,-89
0,1STN,D,225,K,-89
0,1STN,D,225,N,-89
0,1STN,D,228,A,-92
0,1STN,D,228,G,-92
0,1STN,E,224,A,-88
0,1STN,E,224,G,-88
0,1STN,K,87,A,-87
0,1STN,K,87,G,-87
0,1STN,N,226,A,-90
0,1STN,N,226,G,-90
0,1STN,Q,231,G,-95
0,1STN,T,86,A,-86
0,1STN,T,86,G,-86
0,1TTG,L,1530,P,-1530
0,1TUP,A,347,G,-151
0,1TUP,D,352,A,-156
0,1TUP,E,326,A,-130
0,1TUP,E,336,A,-140
0,1TUP,E,339,A,-143
0,1TUP,E,343,A,-147
0,1TUP,E,346,A,-150
0,1TUP,E,349,A,-153
0,1TUP,F,328,A,-132
0,1TUP,F,328,L,-132
0,1TUP,F,338,A,-142
0,1TUP,F,341,I,-145
0,1TUP,F,341,L,-145
0,1TUP,G,334,V,-138
0,1TUP,I,332,V,-136
0,1TUP,K,351,A,-155
0,1TUP,M,340,A,-144
0,1TUP,M,340,I,-144
0,1TUP,N,345,A,-149
0,1TUP,Q,331,A,-135
0,1TUP,R,333,A,-137
0,1TUP,R,335,A,-139
0,1TUP,R,337,A,-141
0,1TUP,R,342,A,-146
0,1TUP,T,329,A,-133
0,1UHG,S,165,A,-3
0,1UHG,S,237,A,-6
0,1UHG,S,321,A,-7
0,1WQ5,P,57,A,-1
0,1WQ5,P,62,A,-6
0,1WQ5,P,62,Q,-6
0,1WQ5,T,63,K,-7
0,2O9P,H,376,R,-3
0,2WSY,P,57,A,-5
0,3D2A,A,163,D,-33
0,3D2A,I,188,M,-33
0,3D2A,L,145,P,-33
0,4E5K,A,319,E,0
0,4E5K,A,325,V,0
0,4E5K,E,130,K,0
0,4E5K,E,130,Q,0
0,4E5K,E,130,R,0
0,4E5K,I,150,F,0
0,4E5K,I,313,L,0
0,4E5K,L,276,C,0
0,4E5K,L,276,H,0
0,4E5K,L,276,Q,0
0,4E5K,L,276,R,0
0,4E5K,L,276,S,0
0,4E5K,Q,132,K,0
0,4E5K,Q,132,R,0
0,4E5K,Q,137,H,0
0,4E5K,Q,137,R,0
0,4E5K,Q,215,L,0
0,4E5K,Q,215,M,0
0,4E5K,R,275,L,0
0,4E5K,R,275,Q,0
0,4E5K,V,71,I,0
0,4E5K,V,315,A,0
0,6BQG,C,360,N,-8
