uid,code,chain,wild_type,position,mutation,offset_up
1A0F_11A,1A0F,A,S,11,A,0
1A7V_104H,1A7V,A,A,104,H,-21
1A7V_13H,1A7V,A,K,13,H,-21
1A7V_20H,1A7V,A,K,20,H,-21
1A7V_31H,1A7V,A,K,31,H,-21
1A7V_39H,1A7V,A,K,39,H,-21
1A7V_3H,1A7V,A,D,3,H,-21
1A7V_49H,1A7V,A,K,49,H,-21
1A7V_58H,1A7V,A,D,58,H,-21
1A7V_66H,1A7V,A,A,66,H,-21
1A7V_73H,1A7V,A,E,73,H,-21
1A7V_84H,1A7V,A,K,84,H,-21
1A7V_91H,1A7V,A,A,91,H,-21
1A7V_97H,1A7V,A,K,97,H,-21
1BA3_457D,1BA3,A,H,457,D,-4
1BA3_485D,1BA3,A,H,485,D,-4
1BA3_485K,1BA3,A,H,485,K,-4
1BA3_485M,1BA3,A,H,485,M,-4
1BFM_35W,1BFM,A,M,35,W,0
1BFM_35Y,1BFM,A,M,35,Y,0
1BNL_76A,1BNL,A,D,76,A,-1571
1D5G_20F,1D5G,A,I,20,F,-1360
1D5G_71Y,1D5G,A,H,71,Y,-1360
1DIV_100A,1DIV,A,E,100,A,0
1DIV_100G,1DIV,A,E,100,G,0
1DIV_102A,1DIV,A,L,102,A,0
1DIV_106Q,1DIV,A,H,106,Q,0
1DIV_108A,1DIV,A,L,108,A,0
1DIV_10M,1DIV,A,K,10,M,0
1DIV_110A,1DIV,A,L,110,A,0
1DIV_115A,1DIV,A,I,115,A,0
1DIV_117A,1DIV,A,L,117,A,0
1DIV_121A,1DIV,A,I,121,A,0
1DIV_129A,1DIV,A,V,129,A,0
1DIV_131A,1DIV,A,V,131,A,0
1DIV_133A,1DIV,A,L,133,A,0
1DIV_134Q,1DIV,A,H,134,Q,0
1DIV_137A,1DIV,A,V,137,A,0
1DIV_141A,1DIV,A,L,141,A,0
1DIV_143A,1DIV,A,V,143,A,0
1DIV_144Q,1DIV,A,H,144,Q,0
1DIV_145A,1DIV,A,V,145,A,0
1DIV_14M,1DIV,A,K,14,M,0
1DIV_15M,1DIV,A,K,15,M,0
1DIV_17Q,1DIV,A,E,17,Q,0
1DIV_1A,1DIV,A,M,1,A,0
1DIV_1G,1DIV,A,M,1,G,0
1DIV_21A,1DIV,A,V,21,A,0
1DIV_21I,1DIV,A,V,21,I,0
1DIV_21L,1DIV,A,V,21,L,0
1DIV_23A,1DIV,A,D,23,A,0
1DIV_23N,1DIV,A,D,23,N,0
1DIV_30A,1DIV,A,L,30,A,0
1DIV_30V,1DIV,A,L,30,V,0
1DIV_38Q,1DIV,A,E,38,Q,0
1DIV_3A,1DIV,A,V,3,A,0
1DIV_3I,1DIV,A,V,3,I,0
1DIV_3L,1DIV,A,V,3,L,0
1DIV_48Q,1DIV,A,E,48,Q,0
1DIV_4A,1DIV,A,I,4,A,0
1DIV_4V,1DIV,A,I,4,V,0
1DIV_54Q,1DIV,A,E,54,Q,0
1DIV_6A,1DIV,A,L,6,A,0
1DIV_6I,1DIV,A,L,6,I,0
1DIV_6V,1DIV,A,L,6,V,0
1DIV_72A,1DIV,A,L,72,A,0
1DIV_79A,1DIV,A,I,79,A,0
1DIV_7M,1DIV,A,K,7,M,0
1DIV_8N,1DIV,A,D,8,N,0
1DIV_93A,1DIV,A,I,93,A,0
1DIV_96A,1DIV,A,K,96,A,0
1DIV_96G,1DIV,A,K,96,G,0
1DIV_98A,1DIV,A,I,98,A,0
1DXX_10N,1DXX,A,K,10,N,-8
1EKG_109C,1EKG,A,L,109,C,-89
1EKG_111C,1EKG,A,L,111,C,-89
1EKG_114C,1EKG,A,L,114,C,-89
1EKG_92F,1EKG,A,S,92,F,-89
1F8I_345A,1F8I,A,F,345,A,0
1FH5_15N,1FH5,H,S,15,N,0
1FRD_42R,1FRD,A,H,42,R,-1
1FT8_118I,1FT8,A,L,118,I,-120
1FT8_144V,1FT8,A,I,144,V,-120
1FT8_147I,1FT8,A,L,147,I,-120
1FT8_167A,1FT8,A,V,167,A,-120
1FT8_173I,1FT8,A,L,173,I,-120
1FT8_173V,1FT8,A,L,173,V,-120
1FT8_195A,1FT8,A,L,195,A,-120
1FT8_197I,1FT8,A,L,197,I,-120
1FT8_219A,1FT8,A,S,219,A,-120
1FT8_228I,1FT8,A,L,228,I,-120
1FT8_229I,1FT8,A,L,229,I,-120
1FT8_92V,1FT8,A,L,92,V,-120
1FT8_96L,1FT8,A,M,96,L,-120
1FXA_42A,1FXA,A,R,42,A,-1
1FXA_42H,1FXA,A,R,42,H,-1
1FXA_48A,1FXA,A,T,48,A,-1
1FXA_65A,1FXA,A,F,65,A,-1
1FXA_65I,1FXA,A,F,65,I,-1
1FXA_65W,1FXA,A,F,65,W,-1
1FXA_65Y,1FXA,A,F,65,Y,-1
1FXA_94D,1FXA,A,E,94,D,-1
1FXA_94K,1FXA,A,E,94,K,-1
1FXA_94Q,1FXA,A,E,94,Q,-1
1FXA_95K,1FXA,A,E,95,K,-1
1G3P_111V,1G3P,A,F,111,V,-43
1G3P_112N,1G3P,A,Q,112,N,-43
1G3P_113G,1G3P,A,N,113,G,-43
1G3P_114K,1G3P,A,N,114,K,-43
1G3P_114V,1G3P,A,N,114,V,-43
1G3P_119V,1G3P,A,R,119,V,-43
1G3P_120N,1G3P,A,Q,120,N,-43
1G3P_122K,1G3P,A,A,122,K,-43
1G3P_135A,1G3P,A,D,135,A,-43
1G3P_135C,1G3P,A,D,135,C,-43
1G3P_135E,1G3P,A,D,135,E,-43
1G3P_135F,1G3P,A,D,135,F,-43
1G3P_135G,1G3P,A,D,135,G,-43
1G3P_135H,1G3P,A,D,135,H,-43
1G3P_135I,1G3P,A,D,135,I,-43
1G3P_135K,1G3P,A,D,135,K,-43
1G3P_135L,1G3P,A,D,135,L,-43
1G3P_135M,1G3P,A,D,135,M,-43
1G3P_135N,1G3P,A,D,135,N,-43
1G3P_135P,1G3P,A,D,135,P,-43
1G3P_135Q,1G3P,A,D,135,Q,-43
1G3P_135R,1G3P,A,D,135,R,-43
1G3P_135S,1G3P,A,D,135,S,-43
1G3P_135T,1G3P,A,D,135,T,-43
1G3P_135V,1G3P,A,D,135,V,-43
1G3P_135W,1G3P,A,D,135,W,-43
1G3P_135Y,1G3P,A,D,135,Y,-43
1GLU_67A,1GLU,A,C,67,A,-433
1GUA_11A,1GUA,B,Q,11,A,-55
1GUA_13A,1GUA,B,T,13,A,-55
1GUA_14A,1GUA,B,V,14,A,-55
1GUA_15A,1GUA,B,V,15,A,-55
1GUA_17A,1GUA,B,V,17,A,-55
1GUA_17I,1GUA,B,V,17,I,-55
1GUA_1M,1GUA,B,N,1,M,-55
1GUA_21A,1GUA,B,M,21,A,-55
1GUA_22A,1GUA,B,S,22,A,-55
1GUA_22T,1GUA,B,S,22,T,-55
1GUA_23A,1GUA,B,L,23,A,-55
1GUA_25A,1GUA,B,D,25,A,-55
1GUA_26A,1GUA,B,C,26,A,-55
1GUA_26I,1GUA,B,C,26,I,-55
1GUA_27A,1GUA,B,L,27,A,-55
1GUA_27I,1GUA,B,L,27,I,-55
1GUA_27V,1GUA,B,L,27,V,-55
1GUA_30G,1GUA,B,A,30,G,-55
1GUA_31A,1GUA,B,L,31,A,-55
1GUA_34L,1GUA,B,R,34,L,-55
1GUA_36A,1GUA,B,L,36,A,-55
1GUA_38A,1GUA,B,P,38,A,-55
1GUA_3A,1GUA,B,I,3,A,-55
1GUA_3F,1GUA,B,I,3,F,-55
1GUA_3L,1GUA,B,I,3,L,-55
1GUA_40A,1GUA,B,C,40,A,-55
1GUA_41A,1GUA,B,C,41,A,-55
1GUA_41L,1GUA,B,C,41,L,-55
1GUA_41M,1GUA,B,C,41,M,-55
1GUA_42G,1GUA,B,A,42,G,-55
1GUA_43A,1GUA,B,V,43,A,-55
1GUA_45A,1GUA,B,R,45,A,-55
1GUA_49A,1GUA,B,E,49,A,-55
1GUA_4A,1GUA,B,R,4,A,-55
1GUA_54A,1GUA,B,K,54,A,-55
1GUA_57A,1GUA,B,L,57,A,-55
1GUA_5A,1GUA,B,V,5,A,-55
1GUA_62A,1GUA,B,D,62,A,-55
1GUA_63G,1GUA,B,A,63,G,-55
1GUA_63L,1GUA,B,A,63,L,-55
1GUA_66A,1GUA,B,L,66,A,-55
1GUA_69A,1GUA,B,E,69,A,-55
1GUA_70A,1GUA,B,E,70,A,-55
1GUA_71A,1GUA,B,L,71,A,-55
1GUA_73A,1GUA,B,V,73,A,-55
1GUA_74A,1GUA,B,D,74,A,-55
1GUA_7A,1GUA,B,L,7,A,-55
1GUA_8A,1GUA,B,P,8,A,-55
1GUA_9A,1GUA,B,N,9,A,-55
1GWY_8D,1GWY,A,A,8,D,0
1H0X_10A,1H0X,A,P,10,A,-8
1H0X_54A,1H0X,A,P,54,A,-8
1HCQ_67A,1HCQ,A,C,67,A,-178
1HCQ_67S,1HCQ,A,C,67,S,-178
1IOJ_15A,1IOJ,A,G,15,A,-26
1IR3_195F,1IR3,A,W,195,F,-1007
1ITM_25T,1ITM,A,C,25,T,-23
1ITM_4T,1ITM,A,C,4,T,-23
1ITM_92S,1ITM,A,W,92,S,-23
1IV7_62C,1IV7,A,L,62,C,0
1IV7_73C,1IV7,A,A,73,C,0
1IV7_89C,1IV7,A,F,89,C,0
1IV9_76Y,1IV9,A,S,76,Y,0
1J8I_23A,1J8I,A,R,23,A,-21
1J8I_25A,1J8I,A,K,25,A,-21
1J8I_35A,1J8I,A,R,35,A,-21
1J8I_43A,1J8I,A,R,43,A,-21
1J8I_66A,1J8I,A,K,66,A,-21
1J8I_9A,1J8I,A,R,9,A,-21
1JL9_20C,1JL9,A,A,20,C,-975
1JLV_64D,1JLV,A,E,64,D,0
1JLV_64N,1JLV,A,E,64,N,0
1JLV_64Q,1JLV,A,E,64,Q,0
1L6H_39A,1L6H,A,F,39,A,-27
1L6H_45A,1L6H,A,Y,45,A,-27
1L6H_48A,1L6H,A,Y,48,A,-27
1LVM_114G,1LVM,A,E,114,G,-2029
1LVM_143G,1LVM,A,S,143,G,-2029
1LVM_53F,1LVM,A,K,53,F,-2029
1LVM_64V,1LVM,A,L,64,V,-2029
1LVM_66F,1LVM,A,Q,66,F,-2029
1N18_100G,1N18,A,E,100,G,-1
1N18_148I,1N18,A,V,148,I,-1
1N18_46R,1N18,A,H,46,R,-1
1N18_85R,1N18,A,G,85,R,-1
1N88_12A,1N88,A,V,12,A,0
1N88_13A,1N88,A,L,13,A,0
1N88_18A,1N88,A,Y,18,A,0
1N88_21A,1N88,A,F,21,A,0
1N88_26A,1N88,A,Y,26,A,0
1N88_30A,1N88,A,V,30,A,0
1N88_39A,1N88,A,I,39,A,0
1N88_43A,1N88,A,V,43,A,0
1N88_49A,1N88,A,V,49,A,0
1N88_51A,1N88,A,V,51,A,0
1N88_54A,1N88,A,V,54,A,0
1N88_57A,1N88,A,L,57,A,0
1N88_80A,1N88,A,I,80,A,0
1N88_81A,1N88,A,V,81,A,0
1N88_83A,1N88,A,V,83,A,0
1N88_89A,1N88,A,I,89,A,0
1N88_8V,1N88,A,I,8,V,0
1NM1_176N,1NM1,A,D,176,N,-12
1NM1_176Y,1NM1,A,D,176,Y,-12
1O1U_110A,1O1U,A,E,110,A,-1
1O1U_38A,1O1U,A,T,38,A,-1
1O1U_49Y,1O1U,A,W,49,Y,-1
1O1U_51A,1O1U,A,Q,51,A,-1
1O1U_61A,1O1U,A,N,61,A,-1
1O1U_99A,1O1U,A,Q,99,A,-1
1O6X_12A,1O6X,A,V,12,A,-15
1O6X_14A,1O6X,A,E,14,A,-15
1O6X_15V,1O6X,A,I,15,V,-15
1O6X_20G,1O6X,A,E,20,G,-15
1O6X_23V,1O6X,A,I,23,V,-15
1O6X_26V,1O6X,A,L,26,V,-15
1O6X_31G,1O6X,A,A,31,G,-15
1O6X_38A,1O6X,A,D,38,A,-15
1O6X_39L,1O6X,A,F,39,L,-15
1O6X_41A,1O6X,A,K,41,A,-15
1O6X_50G,1O6X,A,A,50,G,-15
1O6X_51A,1O6X,A,H,51,A,-15
1O6X_52A,1O6X,A,V,52,A,-15
1O6X_58A,1O6X,A,N,58,A,-15
1O6X_60G,1O6X,A,Q,60,G,-15
1O6X_64G,1O6X,A,V,64,G,-15
1O6X_65A,1O6X,A,F,65,A,-15
1O6X_71V,1O6X,A,I,71,V,-15
1O6X_73L,1O6X,A,Y,73,L,-15
1O6X_75A,1O6X,A,I,75,A,-15
1OSI_11V,1OSI,A,I,11,V,0
1OSI_126M,1OSI,A,V,126,M,0
1OSI_15I,1OSI,A,V,15,I,0
1OSI_92F,1OSI,A,S,92,F,0
1PFL_108M,1PFL,A,T,108,M,-1
1PFL_113T,1PFL,A,M,113,T,-1
1PFL_117V,1PFL,A,G,117,V,-1
1PFL_138L,1PFL,A,Q,138,L,-1
1PFL_20T,1PFL,A,A,20,T,-1
1PRE_158S,1PRE,A,C,158,S,-24
1PRG_151A,1PRG,A,R,151,A,-234
1PRG_154L,1PRG,A,F,154,L,-234
1PRG_254K,1PRG,A,E,254,K,-234
1PRG_261L,1PRG,A,P,261,L,-234
1PRG_80P,1PRG,A,Q,80,P,-234
1PRG_82H,1PRG,A,R,82,H,-234
1PRG_84M,1PRG,A,V,84,M,-234
1R2Y_243E,1R2Y,A,R,243,E,0
1R6R_30S,1R6R,A,L,30,S,-20
1R6R_34S,1R6R,A,L,34,S,-20
1R6R_61N,1R6R,A,L,61,N,-20
1R6R_68N,1R6R,A,I,68,N,-20
1SPD_111S,1SPD,A,C,111,S,-1
1SPD_6A,1SPD,A,C,6,A,-1
1X0J_28L,1X0J,A,R,28,L,-72
1X0J_68K,1X0J,A,E,68,K,-72
1X0J_81H,1X0J,A,Y,81,H,-72
1X0J_88N,1X0J,A,D,88,N,-72
1X0J_88Y,1X0J,A,D,88,Y,-72
1X0J_89N,1X0J,A,D,89,N,-72
1X0J_89Y,1X0J,A,D,89,Y,-72
1XWS_103K,1XWS,A,E,103,K,-32
1XWS_110D,1XWS,A,E,110,D,-32
1XWS_21H,1XWS,A,Y,21,H,-32
1XWS_92Q,1XWS,A,E,92,Q,-32
1XXN_181R,1XXN,A,N,181,R,-28
1XXN_22E,1XXN,A,S,22,E,-28
1XXN_27E,1XXN,A,S,27,E,-28
1XXN_32D,1XXN,A,N,32,D,-28
1XXN_54E,1XXN,A,N,54,E,-28
1XZO_34A,1XZO,A,W,34,A,-21
1XZO_34F,1XZO,A,W,34,F,-21
1XZO_40W,1XZO,A,F,40,W,-21
1XZO_99F,1XZO,A,W,99,F,-21
2ARF_38Q,2ARF,A,H,38,Q,-1031
2BJD_73D,2BJD,A,V,73,D,-11
2BJD_73P,2BJD,A,V,73,P,-11
2BJD_75E,2BJD,A,Y,75,E,-11
2C9Q_79F,2C9Q,A,Y,79,F,-24
2C9Q_79W,2C9Q,A,Y,79,W,-24
2CLR_14F,2CLR,B,H,14,F,-19
2CLR_32F,2CLR,B,H,32,F,-19
2CLR_52F,2CLR,B,H,52,F,-19
2CLR_85A,2CLR,B,H,85,A,-19
2DVV_100H,2DVV,A,Q,100,H,-343
2DVV_76W,2DVV,A,R,76,W,-343
2H3F_11A,2H3F,A,E,11,A,-1
2HBB_10E,2HBB,A,K,10,E,0
2HBB_10M,2HBB,A,K,10,M,0
2HBB_12A,2HBB,A,K,12,A,0
2HBB_12G,2HBB,A,K,12,G,0
2HBB_12M,2HBB,A,K,12,M,0
2HBB_14A,2HBB,A,K,14,A,0
2HBB_14G,2HBB,A,K,14,G,0
2HBB_14M,2HBB,A,K,14,M,0
2HBB_15G,2HBB,A,K,15,G,0
2HBB_15M,2HBB,A,K,15,M,0
2HBB_17A,2HBB,A,E,17,A,0
2HBB_17Q,2HBB,A,E,17,Q,0
2HBB_18A,2HBB,A,I,18,A,0
2HBB_18V,2HBB,A,I,18,V,0
2HBB_1A,2HBB,A,M,1,A,0
2HBB_21A,2HBB,A,V,21,A,0
2HBB_22G,2HBB,A,A,22,G,0
2HBB_23A,2HBB,A,D,23,A,0
2HBB_23N,2HBB,A,D,23,N,0
2HBB_24A,2HBB,A,G,24,A,0
2HBB_26G,2HBB,A,A,26,G,0
2HBB_30A,2HBB,A,L,30,A,0
2HBB_31A,2HBB,A,F,31,A,0
2HBB_34A,2HBB,A,G,34,A,0
2HBB_35A,2HBB,A,L,35,A,0
2HBB_36G,2HBB,A,A,36,G,0
2HBB_37A,2HBB,A,I,37,A,0
2HBB_37V,2HBB,A,I,37,V,0
2HBB_38A,2HBB,A,E,38,A,0
2HBB_38Q,2HBB,A,E,38,Q,0
2HBB_39G,2HBB,A,A,39,G,0
2HBB_3A,2HBB,A,V,3,A,0
2HBB_40S,2HBB,A,T,40,S,0
2HBB_42G,2HBB,A,A,42,G,0
2HBB_44A,2HBB,A,L,44,A,0
2HBB_46G,2HBB,A,A,46,G,0
2HBB_47A,2HBB,A,L,47,A,0
2HBB_48Q,2HBB,A,E,48,Q,0
2HBB_49G,2HBB,A,A,49,G,0
2HBB_4V,2HBB,A,I,4,V,0
2HBB_5L,2HBB,A,F,5,L,0
2HBB_6A,2HBB,A,L,6,A,0
2HBB_7M,2HBB,A,K,7,M,0
2HBB_8A,2HBB,A,D,8,A,0
2HBB_8N,2HBB,A,D,8,N,0
2HBB_9A,2HBB,A,V,9,A,0
2JIE_101R,2JIE,A,H,101,R,-3
2JIE_120F,2JIE,A,W,120,F,-3
2JIE_120H,2JIE,A,W,120,H,-3
2JIE_14A,2JIE,A,S,14,A,-3
2JIE_154D,2JIE,A,E,154,D,-3
2JIE_15A,2JIE,A,T,15,A,-3
2JIE_163A,2JIE,A,N,163,A,-3
2JIE_163C,2JIE,A,N,163,C,-3
2JIE_164A,2JIE,A,E,164,A,-3
2JIE_167A,2JIE,A,C,167,A,-3
2JIE_167Q,2JIE,A,C,167,Q,-3
2JIE_16A,2JIE,A,S,16,A,-3
2JIE_171A,2JIE,A,L,171,A,-3
2JIE_171R,2JIE,A,L,171,R,-3
2JIE_18A,2JIE,A,Y,18,A,-3
2JIE_19S,2JIE,A,Q,19,S,-3
2JIE_218A,2JIE,A,T,218,A,-3
2JIE_220A,2JIE,A,N,220,A,-3
2JIE_220G,2JIE,A,N,220,G,-3
2JIE_220H,2JIE,A,N,220,H,-3
2JIE_220R,2JIE,A,N,220,R,-3
2JIE_220Y,2JIE,A,N,220,Y,-3
2JIE_221A,2JIE,A,M,221,A,-3
2JIE_222A,2JIE,A,E,222,A,-3
2JIE_222H,2JIE,A,E,222,H,-3
2JIE_240A,2JIE,A,R,240,A,-3
2JIE_240D,2JIE,A,R,240,D,-3
2JIE_240K,2JIE,A,R,240,K,-3
2JIE_244E,2JIE,A,I,244,E,-3
2JIE_244N,2JIE,A,I,244,N,-3
2JIE_293A,2JIE,A,N,293,A,-3
2JIE_293C,2JIE,A,N,293,C,-3
2JIE_294A,2JIE,A,Y,294,A,-3
2JIE_294F,2JIE,A,Y,294,F,-3
2JIE_323A,2JIE,A,M,323,A,-3
2JIE_325A,2JIE,A,W,325,A,-3
2JIE_325C,2JIE,A,W,325,C,-3
2JIE_325H,2JIE,A,W,325,H,-3
2JIE_325R,2JIE,A,W,325,R,-3
2JIE_331A,2JIE,A,S,331,A,-3
2JIE_352A,2JIE,A,T,352,A,-3
2JIE_399C,2JIE,A,W,399,C,-3
2JIE_399R,2JIE,A,W,399,R,-3
2JIE_400A,2JIE,A,S,400,A,-3
2JIE_404A,2JIE,A,N,404,A,-3
2JIE_404C,2JIE,A,N,404,C,-3
2JIE_406A,2JIE,A,E,406,A,-3
2JIE_406D,2JIE,A,E,406,D,-3
2JIE_409Y,2JIE,A,W,409,Y,-3
2JIE_415A,2JIE,A,F,415,A,-3
2JIE_423S,2JIE,A,E,423,S,-3
2JUC_14A,2JUC,A,R,14,A,-211
2JUC_53D,2JUC,A,C,53,D,-211
2JUC_53S,2JUC,A,C,53,S,-211
2KJ3_13A,2KJ3,A,K,13,A,-216
2KJ3_23A,2KJ3,A,V,23,A,-216
2KJ3_25A,2KJ3,A,L,25,A,-216
2KJ3_48A,2KJ3,A,V,48,A,-216
2KJ3_51A,2KJ3,A,V,51,A,-216
2KJ3_56A,2KJ3,A,E,56,A,-216
2KJ3_57A,2KJ3,A,S,57,A,-216
2KJ3_62A,2KJ3,A,G,62,A,-216
2KJ3_72A,2KJ3,A,D,72,A,-216
2KS4_2A,2KS4,A,E,2,A,0
2KS4_9A,2KS4,A,D,9,A,0
2LTB_120K,2LTB,A,M,120,K,-499
2LTB_34Q,2LTB,A,R,34,Q,-499
2LTB_56Q,2LTB,A,R,56,Q,-499
2LTB_56W,2LTB,A,R,56,W,-499
2LTB_59P,2LTB,A,L,59,P,-499
2LTB_70R,2LTB,A,L,70,R,-499
2M5S_81A,2M5S,A,D,81,A,-221
2M5S_84A,2M5S,A,H,84,A,-221
2MPC_39A,2MPC,A,R,39,A,-3
2MPC_39W,2MPC,A,R,39,W,-3
2MPC_86T,2MPC,A,A,86,T,-3
2N7Z_88A,2N7Z,A,P,88,A,-433
2NTE_171V,2NTE,A,I,171,V,-567
2NTE_91C,2NTE,A,R,91,C,-567
2OUO_72D,2OUO,A,A,72,D,-348
2PR5_100I,2PR5,A,V,100,I,-20
2PR5_104F,2PR5,A,N,104,F,-20
2PR5_104Y,2PR5,A,N,104,Y,-20
2PR5_10M,2PR5,A,T,10,M,-20
2PR5_13Y,2PR5,A,A,13,Y,-20
2PR5_2K,2PR5,A,H,2,K,-20
2PR5_2W,2PR5,A,H,2,W,-20
2PR5_30M,2PR5,A,T,30,M,-20
2PR5_34Y,2PR5,A,T,34,Y,-20
2PR5_5I,2PR5,A,V,5,I,-20
2PR5_61M,2PR5,A,A,61,M,-20
2PR5_68L,2PR5,A,V,68,L,-20
2PR5_70I,2PR5,A,V,70,I,-20
2PR5_87F,2PR5,A,N,87,F,-20
2PR5_87Y,2PR5,A,N,87,Y,-20
2PR5_89E,2PR5,A,D,89,E,-20
2PR5_91F,2PR5,A,M,91,F,-20
2PTL_18A,2PTL,A,V,18,A,-23
2PTL_19A,2PTL,A,T,19,A,-23
2PTL_20A,2PTL,A,I,20,A,-23
2PTL_20V,2PTL,A,I,20,V,-23
2PTL_21A,2PTL,A,K,21,A,-23
2PTL_22G,2PTL,A,A,22,G,-23
2PTL_23A,2PTL,A,N,23,A,-23
2PTL_24A,2PTL,A,L,24,A,-23
2PTL_25A,2PTL,A,I,25,A,-23
2PTL_25V,2PTL,A,I,25,V,-23
2PTL_26A,2PTL,A,F,26,A,-23
2PTL_26L,2PTL,A,F,26,L,-23
2PTL_27P,2PTL,A,A,27,P,-23
2PTL_27V,2PTL,A,A,27,V,-23
2PTL_28A,2PTL,A,N,28,A,-23
2PTL_29A,2PTL,A,G,29,A,-23
2PTL_29V,2PTL,A,G,29,V,-23
2PTL_30A,2PTL,A,S,30,A,-23
2PTL_31A,2PTL,A,T,31,A,-23
2PTL_33A,2PTL,A,T,33,A,-23
2PTL_34G,2PTL,A,A,34,G,-23
2PTL_34V,2PTL,A,A,34,V,-23
2PTL_35A,2PTL,A,E,35,A,-23
2PTL_36A,2PTL,A,F,36,A,-23
2PTL_36L,2PTL,A,F,36,L,-23
2PTL_37A,2PTL,A,K,37,A,-23
2PTL_38A,2PTL,A,G,38,A,-23
2PTL_39A,2PTL,A,T,39,A,-23
2PTL_40G,2PTL,A,F,40,G,-23
2PTL_40L,2PTL,A,F,40,L,-23
2PTL_42G,2PTL,A,K,42,G,-23
2PTL_43G,2PTL,A,A,43,G,-23
2PTL_44A,2PTL,A,T,44,A,-23
2PTL_45A,2PTL,A,S,45,A,-23
2PTL_45G,2PTL,A,S,45,G,-23
2PTL_46G,2PTL,A,E,46,G,-23
2PTL_46I,2PTL,A,E,46,I,-23
2PTL_47G,2PTL,A,A,47,G,-23
2PTL_48A,2PTL,A,Y,48,A,-23
2PTL_49G,2PTL,A,A,49,G,-23
2PTL_50A,2PTL,A,Y,50,A,-23
2PTL_51G,2PTL,A,A,51,G,-23
2PTL_52A,2PTL,A,D,52,A,-23
2PTL_52G,2PTL,A,D,52,G,-23
2PTL_53G,2PTL,A,T,53,G,-23
2PTL_54A,2PTL,A,L,54,A,-23
2PTL_55A,2PTL,A,K,55,A,-23
2PTL_56A,2PTL,A,K,56,A,-23
2PTL_58A,2PTL,A,N,58,A,-23
2PTL_59A,2PTL,A,G,59,A,-23
2PTL_60A,2PTL,A,E,60,A,-23
2PTL_62A,2PTL,A,T,62,A,-23
2PTL_63A,2PTL,A,V,63,A,-23
2PTL_64A,2PTL,A,D,64,A,-23
2PTL_65A,2PTL,A,V,65,A,-23
2PTL_66G,2PTL,A,A,66,G,-23
2PTL_68A,2PTL,A,K,68,A,-23
2PTL_69A,2PTL,A,G,69,A,-23
2PTL_70A,2PTL,A,Y,70,A,-23
2PTL_70L,2PTL,A,Y,70,L,-23
2PTL_71A,2PTL,A,T,71,A,-23
2PTL_72A,2PTL,A,L,72,A,-23
2PTL_73A,2PTL,A,N,73,A,-23
2PTL_74A,2PTL,A,I,74,A,-23
2PTL_74V,2PTL,A,I,74,V,-23
2PTL_75A,2PTL,A,K,75,A,-23
2PTL_76L,2PTL,A,F,76,L,-23
2PTL_76V,2PTL,A,F,76,V,-23
2RPN_21K,2RPN,A,V,21,K,-533
2RPN_7L,2RPN,A,E,7,L,-533
2VY0_20A,2VY0,A,E,20,A,-33
2VY0_254A,2VY0,A,D,254,A,-33
2WQG_10A,2WQG,A,V,10,A,1
2WQG_10G,2WQG,A,V,10,G,1
2WQG_11A,2WQG,A,V,11,A,1
2WQG_11G,2WQG,A,V,11,G,1
2WQG_12A,2WQG,A,Q,12,A,1
2WQG_12G,2WQG,A,Q,12,G,1
2WQG_13A,2WQG,A,L,13,A,1
2WQG_14A,2WQG,A,K,14,A,1
2WQG_14G,2WQG,A,K,14,G,1
2WQG_15A,2WQG,A,D,15,A,1
2WQG_16A,2WQG,A,L,16,A,1
2WQG_19A,2WQG,A,K,19,A,1
2WQG_23A,2WQG,A,S,23,A,1
2WQG_24A,2WQG,A,V,24,A,1
2WQG_28A,2WQG,A,K,28,A,1
2WQG_33A,2WQG,A,Q,33,A,1
2WQG_34A,2WQG,A,R,34,A,1
2WQG_36A,2WQG,A,I,36,A,1
2WQG_36V,2WQG,A,I,36,V,1
2WQG_38A,2WQG,A,D,38,A,1
2WQG_39A,2WQG,A,D,39,A,1
2WQG_39N,2WQG,A,D,39,N,1
2WQG_40Q,2WQG,A,E,40,Q,1
2WQG_41G,2WQG,A,E,41,G,1
2WQG_5F,2WQG,A,Y,5,F,1
2WQG_6A,2WQG,A,S,6,A,1
2WQG_6G,2WQG,A,S,6,G,1
2WQG_8A,2WQG,A,L,8,A,1
2WQG_9S,2WQG,A,T,9,S,1
2ZTA_11Q,2ZTA,A,E,11,Q,-248
2ZTA_15A,2ZTA,A,K,15,A,-248
2ZTA_20Q,2ZTA,A,E,20,Q,-248
2ZTA_22Q,2ZTA,A,E,22,Q,-248
2ZTA_25A,2ZTA,A,R,25,A,-248
2ZTA_27A,2ZTA,A,K,27,A,-248
2ZTA_28A,2ZTA,A,K,28,A,-248
2ZTA_8A,2ZTA,A,K,8,A,-248
3BCI_140V,3BCI,A,T,140,V,-31
3BCI_83Q,3BCI,A,E,83,Q,-31
3BN0_19V,3BN0,A,I,19,V,-1
3C2I_10V,3C2I,A,L,10,V,-90
3C2I_16Q,3C2I,A,R,16,Q,-90
3C2I_16W,3C2I,A,R,16,W,-90
3C2I_21G,3C2I,A,R,21,G,-90
3C2I_43C,3C2I,A,R,43,C,-90
3C2I_43H,3C2I,A,R,43,H,-90
3C2I_44C,3C2I,A,S,44,C,-90
3C2I_62R,3C2I,A,P,62,R,-90
3C2I_65S,3C2I,A,F,65,S,-90
3C2I_66E,3C2I,A,D,66,E,-90
3C2I_68A,3C2I,A,T,68,A,-90
3C2I_68M,3C2I,A,T,68,M,-90
3D2A_132E,3D2A,A,M,132,E,-33
3D2A_135P,3D2A,A,M,135,P,-33
3D2A_161P,3D2A,A,S,161,P,-33
3D3B_118A,3D3B,A,D,118,A,0
3D3B_118E,3D3B,A,D,118,E,0
3D3B_118K,3D3B,A,D,118,K,0
3D3B_118N,3D3B,A,D,118,N,0
3D3B_118R,3D3B,A,D,118,R,0
3DV0_12F,3DV0,I,Y,12,F,-126
3DV0_13G,3DV0,I,A,13,G,-126
3DV0_15A,3DV0,I,E,15,A,-126
3DV0_15Q,3DV0,I,E,15,Q,-126
3DV0_18A,3DV0,I,V,18,A,-126
3DV0_19A,3DV0,I,D,19,A,-126
3DV0_19N,3DV0,I,D,19,N,-126
3DV0_20A,3DV0,I,I,20,A,-126
3DV0_20V,3DV0,I,I,20,V,-126
3DV0_23A,3DV0,I,V,23,A,-126
3DV0_23G,3DV0,I,V,23,G,-126
3DV0_32A,3DV0,I,V,32,A,-126
3DV0_33A,3DV0,I,L,33,A,-126
3DV0_33G,3DV0,I,L,33,G,-126
3DV0_33V,3DV0,I,L,33,V,-126
3DV0_36N,3DV0,I,D,36,N,-126
3DV0_37V,3DV0,I,I,37,V,-126
3DV0_38A,3DV0,I,D,38,A,-126
3DV0_38G,3DV0,I,D,38,G,-126
3DV0_38N,3DV0,I,D,38,N,-126
3DV0_39G,3DV0,I,A,39,G,-126
3DV0_3A,3DV0,I,V,3,A,-126
3DV0_3G,3DV0,I,V,3,G,-126
3DV0_41A,3DV0,I,L,41,A,-126
3DV0_41V,3DV0,I,L,41,V,-126
3DV0_42G,3DV0,I,A,42,G,-126
3DV0_4A,3DV0,I,I,4,A,-126
3DV0_4G,3DV0,I,I,4,G,-126
3DV0_4V,3DV0,I,I,4,V,-126
3DV0_5G,3DV0,I,A,5,G,-126
3DV0_9A,3DV0,I,V,9,A,-126
3ECU_46R,3ECU,A,H,46,R,-1
3FIS_36A,3FIS,A,P,36,A,-25
3G1G_17Y,3G1G,A,F,17,Y,-389
3G1G_35W,3G1G,A,R,35,W,-389
3G1G_40V,3G1G,A,I,40,V,-389
3G1G_5Y,3G1G,A,D,5,Y,-389
3K82_29L,3K82,A,E,29,L,-305
3K82_29Q,3K82,A,E,29,Q,-305
3K82_96R,3K82,A,E,96,R,-305
3L15_189H,3L15,A,Y,189,H,-253
3MON_39G,3MON,B,R,39,G,0
3MON_3C,3MON,B,W,3,C,0
3O39_21L,3O39,A,Q,21,L,-51
3O39_4P,3O39,A,L,4,P,-51
3O39_68L,3O39,A,H,68,L,-51
3O39_72L,3O39,A,Q,72,L,-51
3O39_87I,3O39,A,F,87,I,-51
3O39_87L,3O39,A,F,87,L,-51
3S4M_34Y,3S4M,A,D,34,Y,-88
3S4M_42V,3S4M,A,G,42,V,-88
3S4M_66F,3S4M,A,I,66,F,-88
3S4M_67R,3S4M,A,W,67,R,-88
3S92_89R,3S92,A,H,89,R,-306
4BJX_48V,4BJX,A,A,48,V,-41
4BUQ_137A,4BUQ,A,Y,137,A,-9
4BUQ_48A,4BUQ,A,Y,48,A,-9
4HE7_19D,4HE7,A,A,19,D,0
4HE7_19G,4HE7,A,A,19,G,0
4HE7_19K,4HE7,A,A,19,K,0
4N6V_29G,4N6V,2,P,29,G,-7
4N6V_68W,4N6V,2,H,68,W,-7
4N6V_72S,4N6V,2,P,72,S,-7
4WAA_19A,4WAA,A,R,19,A,8
4WAA_57A,4WAA,A,K,57,A,8
4WAA_59A,4WAA,A,K,59,A,8
4YEE_60T,4YEE,A,V,60,T,-73
4YEF_58V,4YEF,A,T,58,V,-76
5JXB_25G,5JXB,A,D,25,G,-307
5JXB_25P,5JXB,A,D,25,P,-307
5OAQ_199H,5OAQ,A,Y,199,H,-230
5VP3_128G,5VP3,A,S,128,G,0
5VP3_183T,5VP3,A,V,183,T,0
5VP3_39K,5VP3,A,R,39,K,0
